{"forward_times":[0.0045840740203857,0.0046169757843018,0.0045840740203857,0.0045900344848633,0.0046639442443848,0.0045688152313232,0.0047378540039062,0.0045781135559082,0.0046119689941406,0.004601001739502],"total_times":[0.013607978820801,0.013651132583618,0.013606071472168,0.013561010360718,0.013731956481934,0.013588905334473,0.013740062713623,0.013628005981445,0.013628959655762,0.013630867004395],"gpu_name":"Tesla P100-SXM2-16GB","opt":{"gpu":0,"num_passes":10,"model_t7":"models\/alexnet\/alexnet.t7","batch_size":16,"output_json":"outputs\/598429.json","image_height":224,"image_width":224,"use_cudnn":1},"cudnn_version":5110,"backward_times":[0.009023904800415,0.0090341567993164,0.0090219974517822,0.0089709758758545,0.0090680122375488,0.0090200901031494,0.0090022087097168,0.0090498924255371,0.0090169906616211,0.0090298652648926]}