{"forward_times":[0.0045790672302246,0.0046689510345459,0.0045711994171143,0.0045700073242188,0.0046610832214355,0.0045900344848633,0.0045650005340576,0.0045731067657471,0.0045690536499023,0.0045721530914307],"total_times":[0.015766143798828,0.013690948486328,0.01360821723938,0.013633012771606,0.013719081878662,0.013682126998901,0.013609886169434,0.013611078262329,0.013605117797852,0.013667106628418],"gpu_name":"Tesla P100-SXM2-16GB","opt":{"gpu":0,"num_passes":10,"model_t7":"models\/alexnet\/alexnet.t7","batch_size":16,"output_json":"outputs\/611743.json","image_height":224,"image_width":224,"use_cudnn":1},"cudnn_version":5110,"backward_times":[0.011187076568604,0.0090219974517822,0.0090370178222656,0.0090630054473877,0.0090579986572266,0.0090920925140381,0.009044885635376,0.009037971496582,0.0090360641479492,0.0090949535369873]}